date,ts,direction,strength,rsi,vol_ratio,day_chg,data_ok,is_today,v35_push,v35_block_reason,win_5,mfe_5,mae_5,ret_5,win_10,mfe_10,mae_10,ret_10,win_15,mfe_15,mae_15,ret_15
2026-04-24,2026-04-24 07:14:19,short,STRONG,50.0,1.0,-4.86,,,False,data_ok=False,False,0.0,0.1744186046511694,-0.011627906976750134,False,0.05813953488371762,0.34883720930232226,-0.2790697674418545,False,0.05813953488371762,0.35325581395348304,-0.34883720930232226
2026-04-24,2026-04-24 07:40:20,short,STRONG,50.0,1.0,-4.32,,,False,data_ok=False,True,0.20814061054579883,0.07909343200739698,0.18501387604071554,True,0.26595744680851524,0.15032377428306595,0.19657724329324894,True,0.26595744680851524,0.15032377428306595,0.20814061054579883
2026-04-24,2026-04-24 08:06:21,short,STRONG,50.0,1.0,-4.89,,,False,data_ok=False,False,0.0,0.2551612154952434,-0.16237531895152002,False,0.0,0.3827418232428651,-0.3827418232428651,False,0.0,0.5219206680584584,-0.3533982834609103
2026-04-24,2026-04-24 08:32:23,short,STRONG,50.0,1.0,-4.76,,,False,data_ok=False,False,0.023201856148487264,0.0580046403712264,0.023201856148487264,True,0.16183294663572872,0.0580046403712264,0.11600928074246927,True,0.19721577726218292,0.0580046403712264,0.14489559164732793
2026-04-24,2026-04-24 08:58:24,short,STRONG,50.0,1.0,-4.7,,,False,data_ok=False,False,0.06767441860465043,0.13151162790698007,-0.05000000000000741,False,0.12790697674418539,0.2205813953488395,-0.011627906976750134,False,0.15965116279069325,0.2205813953488395,0.0
2026-04-24,2026-04-24 09:24:25,short,STRONG,50.0,1.0,-4.76,,,False,data_ok=False,False,-0.22118742724097523,0.8149010477299052,-0.4190919674039574,True,1.036088474970897,0.8149010477299052,0.7683352735739357,True,2.0487776484284073,0.8149010477299052,0.46565774155996004
2026-04-24,2026-04-24 09:50:26,short,STRONG,50.0,1.0,-4.71,,,False,data_ok=False,True,0.9934171154996988,0.36505086774387413,0.8497905445840739,True,1.3046080191502134,0.36505086774387413,-0.028964691801325614,True,1.3046080191502134,0.36505086774387413,0.9096349491322453
2026-04-24,2026-04-24 10:26:37,short,STRONG,50.0,1.0,-4.14,,,False,data_ok=False,True,0.4636496706513769,0.04879238838740185,0.09758477677482104,True,0.6525981946816428,0.45132959258354516,-0.42681141741887163,False,0.6525981946816428,1.0246401561356298,-1.0246401561356298
2026-04-24,2026-04-24 11:02:38,short,STRONG,50.0,1.0,-3.93,,,False,data_ok=False,True,0.6801068739373357,0.12144765606023113,0.6801068739373357,True,0.7043964051493785,0.12144765606023113,0.3766091814428049,True,0.7043964051493785,0.1943162496963767,0.4557930531940854
2026-04-24,2026-04-24 11:38:38,short,STRONG,50.0,1.0,-4.39,,,False,data_ok=False,False,0.08558503484534465,0.34234013938132646,-0.13449076904266954,False,0.08558503484534465,1.1920772710600247,-1.0136936055752497,False,0.08558503484534465,1.1920772710600247,-0.5868688103680031
2026-04-24,2026-04-24 12:14:39,short,STRONG,50.0,1.0,-4.58,,,False,data_ok=False,True,0.2241279346481109,0.19618920699753384,-0.10965332489402801,False,0.2241279346481109,0.233276013613327,-0.0725665182782348,False,0.2241279346481109,0.28272508910105715,-0.233276013613327
2026-04-24,2026-04-24 12:50:39,short,STRONG,50.0,1.0,-4.6,,,False,data_ok=False,False,-0.08624938393298101,0.5667816658452538,-0.41892557910301065,False,-0.08624938393298101,0.8378511582060213,-0.5729423361261748,False,-0.08624938393298101,0.8378511582060213,-0.20946278955150532
2026-04-24,2026-04-24 13:27:40,short,STRONG,50.0,1.0,-4.7,,,False,data_ok=False,True,0.46671579464504476,-0.042004421518052636,0.2579218865143797,True,0.46671579464504476,-0.042004421518052636,0.2579218865143797,True,0.9922623434045733,-0.042004421518052636,0.9211495946941783
2026-04-24,2026-04-24 14:03:41,short,STRONG,50.0,1.0,-5.13,,,False,data_ok=False,True,0.33535038546732593,0.0976352229275596,0.1559193674128581,True,0.33535038546732593,0.0976352229275596,0.038361114204756665,True,0.33535038546732593,0.23387905111926957,-0.07300986251871341
2026-04-24,2026-04-24 14:39:41,short,STRONG,50.0,1.0,-5.13,,,False,data_ok=False,False,0.04958472790381337,0.21073509359117604,-0.018594272963927815,False,0.04958472790381337,0.23552745754307391,-0.11156563778356689,False,0.10908640138838238,0.23552745754307391,-0.03718854592785563
2026-04-24,2026-04-24 15:15:43,short,STRONG,50.0,1.0,-5.05,,,False,data_ok=False,True,0.47727272727272246,0.07451564828614292,0.4284649776453041,True,0.8401639344262173,0.07451564828614292,0.7078986587183224,True,1.0059612518628942,0.07451564828614292,0.683060109289614
2026-04-24,2026-04-24 15:51:43,short,STRONG,50.0,1.0,-4.88,,,False,data_ok=False,True,0.3967504250897383,0.3085836639586933,-0.2706719566723346,False,0.3967504250897383,0.5541910699666197,-0.3715599219094423,False,0.3967504250897383,0.7368222180238151,-0.6360602053026131
2026-04-24,2026-04-24 16:27:44,short,STRONG,50.0,1.0,-4.8,,,False,data_ok=False,True,0.1378403835951081,0.00012542346096423005,0.03750161482705712,True,0.1378403835951081,0.10046419222901523,-0.07537950003700694,True,0.1378403835951081,0.10046419222901523,-0.08792184613300216
2026-04-24,2026-04-24 17:03:45,short,STRONG,50.0,1.0,-5.0,,,False,data_ok=False,True,0.17513134851138426,0.0,0.17513134851138426,True,0.17513134851138426,0.0,0.17513134851138426,True,0.20015011258443408,0.0,0.11258443832875083
2026-04-24,2026-04-24 17:39:45,short,STRONG,50.0,1.0,-4.62,,,False,data_ok=False,True,0.09201301952928854,0.0,0.06259389083625083,True,0.11266900350524436,0.0,0.11266900350524436,True,0.13770655983975894,0.0,0.11266900350524436
2026-04-24,2026-04-24 18:05:47,short,STRONG,50.0,1.0,-4.4,,,False,data_ok=False,True,0.03700033864716571,0.0012542487677065747,0.0112882389093057,True,0.0489157019403247,0.0012542487677065747,0.0489157019403247,True,0.0489157019403247,0.0012542487677065747,0.03637321426331242
2026-04-24,2026-04-24 18:31:48,short,STRONG,50.0,1.0,-4.54,,,False,data_ok=False,True,0.0627116518249055,0.0,0.0,True,0.0627116518249055,0.0,0.0007525398219060668,False,0.0627116518249055,0.16305029474475788,-0.16305029474475788
2026-04-24,2026-04-24 18:57:49,short,STRONG,50.0,1.0,-4.85,,,False,data_ok=False,True,0.04032955003745276,0.0,0.04032955003745276,True,0.06537895999859614,0.0,0.05285425501803336,True,0.13839799003534697,0.0,0.06537895999859614
2026-04-24,2026-04-24 19:23:51,short,STRONG,50.0,1.0,-4.81,,,False,data_ok=False,True,0.07511266900350812,0.0,0.07511266900350812,True,0.07511266900350812,0.0,0.032799198798183125,True,0.0876314471707476,0.0,0.0
2026-04-24,2026-04-24 19:49:52,short,STRONG,50.0,1.0,-4.91,,,False,data_ok=False,True,0.07513148009016062,0.0,0.06260956674179459,True,0.17530678687703552,0.0,0.1432506887052384,True,0.17530678687703552,0.0,0.023165539694469158
2026-04-24,2026-04-24 20:15:53,short,STRONG,50.0,1.0,-4.91,,,False,data_ok=False,,,,,,,,,,,,
2026-04-24,2026-04-24 20:41:54,short,STRONG,50.0,1.0,-4.78,,,False,data_ok=False,,,,,,,,,,,,
2026-04-24,2026-04-24 21:08:46,short,STRONG,50.0,1.0,-4.4,,,False,data_ok=False,,,,,,,,,,,,
2026-04-24,2026-04-24 21:34:47,short,STRONG,50.0,1.0,-3.89,,,False,data_ok=False,,,,,,,,,,,,
2026-04-24,2026-04-24 21:52:59,short,WEAK,50.0,1.0,-4.17,,,False,data_ok=False,,,,,,,,,,,,
2026-04-24,2026-04-24 21:58:38,short,WEAK,50.0,1.0,-4.25,,,False,data_ok=False,,,,,,,,,,,,
2026-04-24,2026-04-24 22:02:16,short,WEAK,50.0,1.0,-4.2,,,False,data_ok=False,,,,,,,,,,,,
2026-04-24,2026-04-24 22:15:34,short,WEAK,50.0,1.0,-3.93,,,False,data_ok=False,,,,,,,,,,,,
2026-04-24,2026-04-24 22:33:34,short,WEAK,50.0,1.0,-4.28,,,False,data_ok=False,,,,,,,,,,,,
2026-04-24,2026-04-24 22:51:44,short,WEAK,50.0,1.0,-4.63,,,False,data_ok=False,,,,,,,,,,,,
2026-04-24,2026-04-24 23:09:46,short,WEAK,50.0,1.0,-4.62,,,False,data_ok=False,,,,,,,,,,,,
2026-04-24,2026-04-24 23:25:02,long,WEAK,50.0,1.0,1.92,,,False,data_ok=False,,,,,,,,,,,,
2026-04-24,2026-04-24 23:40:03,long,WEAK,50.0,1.0,1.39,,,False,data_ok=False,,,,,,,,,,,,
2026-04-24,2026-04-24 23:47:37,short,WEAK,50.0,1.0,-0.6,,,False,data_ok=False,,,,,,,,,,,,
2026-04-25,2026-04-25 00:02:55,short,WEAK,50.0,1.0,-1.87,,,False,data_ok=False,,,,,,,,,,,,
2026-04-25,2026-04-25 00:18:33,short,WEAK,50.0,1.0,-2.58,,,False,data_ok=False,,,,,,,,,,,,
2026-04-25,2026-04-25 00:37:13,short,WEAK,50.0,1.0,-2.72,,,False,data_ok=False,,,,,,,,,,,,
2026-04-25,2026-04-25 00:57:05,short,WEAK,50.0,1.0,-3.11,,,False,data_ok=False,,,,,,,,,,,,
2026-04-25,2026-04-25 01:15:29,short,WEAK,50.0,1.0,-2.67,,,False,data_ok=False,,,,,,,,,,,,
2026-04-25,2026-04-25 01:42:51,short,WEAK,50.0,1.0,-3.23,,,False,data_ok=False,,,,,,,,,,,,
2026-04-25,2026-04-25 02:09:12,short,WEAK,50.0,1.0,-4.43,,,False,data_ok=False,,,,,,,,,,,,
2026-04-25,2026-04-25 02:35:54,short,WEAK,50.0,1.0,-3.96,,,False,data_ok=False,,,,,,,,,,,,
2026-04-25,2026-04-25 03:01:55,short,WEAK,50.0,1.0,-3.68,,,False,data_ok=False,,,,,,,,,,,,
2026-04-25,2026-04-25 03:28:56,short,WEAK,50.0,1.0,-4.02,,,False,data_ok=False,,,,,,,,,,,,
2026-04-25,2026-04-25 03:55:58,short,WEAK,50.0,1.0,-4.26,,,False,data_ok=False,,,,,,,,,,,,
2026-04-25,2026-04-25 04:16:30,short,WEAK,50.0,1.0,-4.4,,,False,data_ok=False,,,,,,,,,,,,
2026-04-25,2026-04-25 04:36:09,short,WEAK,50.0,1.0,-4.47,,,False,data_ok=False,,,,,,,,,,,,
2026-04-25,2026-04-25 04:55:32,short,WEAK,50.0,1.0,-4.73,,,False,data_ok=False,,,,,,,,,,,,
2026-04-25,2026-04-25 05:16:11,short,WEAK,50.0,1.0,-4.89,,,False,data_ok=False,,,,,,,,,,,,
2026-04-25,2026-04-25 05:31:15,short,WEAK,50.0,1.0,-5.99,,,False,data_ok=False,,,,,,,,,,,,
2026-04-25,2026-04-25 05:47:23,short,WEAK,50.0,1.0,-5.65,,,False,data_ok=False,,,,,,,,,,,,
2026-04-25,2026-04-25 06:06:59,short,WEAK,50.0,1.0,-5.53,,,False,data_ok=False,,,,,,,,,,,,
2026-04-25,2026-04-25 06:28:14,short,WEAK,50.0,1.0,-5.84,,,False,data_ok=False,,,,,,,,,,,,
2026-04-27,2026-04-27 22:36:02,short,WEAK,50.0,1.0,-5.06,,,False,data_ok=False,,,,,,,,,,,,
2026-04-27,2026-04-27 22:53:17,short,WEAK,50.0,1.0,-5.09,,,False,data_ok=False,,,,,,,,,,,,
2026-04-27,2026-04-27 22:58:41,short,WEAK,50.0,1.0,-5.26,,,False,data_ok=False,,,,,,,,,,,,
2026-04-27,2026-04-27 23:02:45,short,STRONG,32.3,3.45,-5.59,,,False,data_ok=False,,,,,,,,,,,,
2026-04-27,2026-04-27 23:19:38,short,STRONG,32.3,3.45,-5.74,,,False,data_ok=False,,,,,,,,,,,,
2026-04-27,2026-04-27 23:31:58,short,WEAK,23.4,3.44,-0.8,,,False,data_ok=False,,,,,,,,,,,,
2026-04-27,2026-04-27 23:44:26,short,STRONG,17.6,1.03,-2.16,,,False,data_ok=False,,,,,,,,,,,,
2026-04-27,2026-04-27 23:57:00,short,WEAK,39.0,0.54,-1.13,,,False,data_ok=False,,,,,,,,,,,,
2026-04-28,2026-04-28 00:09:01,short,STRONG,28.0,0.41,-2.45,,,False,data_ok=False,,,,,,,,,,,,
2026-04-28,2026-04-28 00:21:36,short,STRONG,35.2,0.22,-2.24,,,False,data_ok=False,,,,,,,,,,,,
2026-04-28,2026-04-28 00:38:11,short,WEAK,46.0,0.47,-1.28,,,False,data_ok=False,,,,,,,,,,,,
2026-04-28,2026-04-28 00:54:52,short,WEAK,42.5,0.8,-1.72,,,False,data_ok=False,,,,,,,,,,,,
2026-04-28,2026-04-28 01:11:40,short,STRONG,40.4,0.69,-2.02,,,False,data_ok=False,,,,,,,,,,,,
2026-04-28,2026-04-28 01:28:17,short,STRONG,41.5,0.52,-2.32,,,False,data_ok=False,,,,,,,,,,,,
2026-04-28,2026-04-28 01:52:16,short,STRONG,41.8,0.48,-2.4,,,False,data_ok=False,,,,,,,,,,,,
2026-04-28,2026-04-28 02:17:25,short,STRONG,46.9,0.7,-2.25,,,False,data_ok=False,,,,,,,,,,,,
2026-04-28,2026-04-28 02:42:01,short,STRONG,48.0,0.65,-2.28,,,False,data_ok=False,,,,,,,,,,,,
2026-04-28,2026-04-28 03:41:50,long,WEAK,91.0,1.79,0.98,,,False,data_ok=False,,,,,,,,,,,,
2026-04-28,2026-04-28 04:16:37,long,STRONG,90.3,0.81,2.23,,,False,data_ok=False,True,0.24570024570023172,0.0,0.2334152334152306,True,0.24570024570023172,0.08599508599509506,-0.08599508599509506,True,0.24570024570023172,0.08599508599509506,-0.012285012285018571
2026-04-28,2026-04-28 04:33:15,long,STRONG,89.2,0.74,2.55,,,False,data_ok=False,False,0.0,0.0,0.0,False,0.0,0.13480392156862675,-0.13480392156862675,False,0.0,0.25735294117646296,-0.25735294117646296
2026-04-28,2026-04-28 04:50:38,long,STRONG,79.9,0.49,2.46,,,False,data_ok=False,False,0.0,0.294840294840306,-0.23341523341524809,False,0.0,0.3071253071253071,-0.1719901719901727,False,0.0,0.3071253071253071,-0.23341523341524809
2026-04-28,2026-04-28 05:04:26,long,STRONG,67.2,0.62,2.33,,,False,data_ok=False,True,0.2585888437384657,0.07388252678240127,-0.07388252678240127,True,0.2585888437384657,0.07388252678240127,0.11082379017362816,True,0.2585888437384657,0.07388252678240127,0.09851003570990335
2026-04-28,2026-04-28 05:18:15,long,STRONG,75.8,1.53,2.99,,,False,data_ok=False,False,0.024603272235202388,0.17222290564645168,-0.1599212695288592,False,0.024603272235202388,0.35674744741051323,-0.34444581129290336,False,0.024603272235202388,0.6888916225858067,-0.6888916225858067
2026-04-28,2026-04-28 05:32:33,long,STRONG,66.2,0.81,2.95,,,False,data_ok=False,False,0.07432181345225104,0.29728725380900417,-0.27251331599157547,False,0.07432181345225104,0.5326396630744541,-0.5326396630744541,False,0.07432181345225104,0.6565093521615275,-0.6565093521615275
2026-04-28,2026-04-28 05:46:24,long,STRONG,62.6,0.57,2.8,,,False,data_ok=False,False,0.0,0.23690773067331386,-0.12468827930175626,True,0.3740648379052333,0.23690773067331386,0.3740648379052333,True,0.3740648379052333,0.23690773067331386,0.3740648379052333
2026-04-28,2026-04-28 06:03:10,long,STRONG,66.6,3.96,3.16,,,False,data_ok=False,True,0.07445092443231452,0.03722546221615726,-0.024816974810783266,False,0.07445092443231452,0.21094428589155195,-0.1985357984861603,False,0.07445092443231452,0.3970715969723382,-0.3970715969723382
2026-04-28,2026-04-28 06:19:47,long,STRONG,66.6,3.96,3.1,,,False,data_ok=False,False,0.0,0.13555527919412344,-0.13555527919412344,False,0.0,0.26116154707125205,-0.13679890560875443,False,0.09949011317000162,0.26116154707125205,-0.01355552791940351
2026-04-28,2026-04-28 06:36:25,long,STRONG,66.6,3.96,2.99,,,False,data_ok=False,True,0.04968944099379659,0.024844720496889468,0.0,False,0.04968944099379659,0.18633540372671514,-0.024844720496889468,False,0.04968944099379659,0.18633540372671514,-0.04173913043479125
2026-04-28,2026-04-28 06:52:59,long,STRONG,66.6,3.96,3.09,,,False,data_ok=False,True,0.10140878677312366,0.0,0.054184106658197805,True,0.402155433820841,0.0,0.402155433820841,True,0.41458298121949555,0.14403527435053182,-0.11880735313123288
2026-04-28,2026-04-28 07:17:00,long,STRONG,66.6,3.96,3.08,,,False,data_ok=False,False,0.0,0.5312929419112966,-0.5312929419112966,False,0.0,0.6745783885071731,-0.6745783885071731,False,0.0,0.6995627732667111,-0.6246096189881325
2026-04-28,2026-04-28 07:40:55,long,STRONG,66.6,3.96,3.06,,,False,data_ok=False,True,0.31746031746031744,0.30476190476189824,0.18793650793650302,True,0.5206349206349163,0.30476190476189824,-0.12698412698411976,True,0.5206349206349163,0.4571428571428564,-0.06349206349205988
2026-04-28,2026-04-28 08:05:04,long,STRONG,66.6,3.96,3.02,,,False,data_ok=False,True,0.7575757575757504,0.0,0.7575757575757504,True,0.7575757575757504,0.0,0.6186868686868622,True,0.7575757575757504,0.0,0.4545454545454538
2026-04-28,2026-04-28 08:29:00,long,STRONG,66.6,3.96,3.19,,,False,data_ok=False,False,0.025109855618325197,0.20564971751413563,-0.06277463904583976,False,0.17576898932831206,0.20564971751413563,0.12554927809164382,True,0.4394224733207712,0.20564971751413563,0.25109855618328764
2026-04-28,2026-04-28 08:53:02,long,STRONG,66.6,3.96,3.14,,,False,data_ok=False,True,0.24922118380062658,0.11214953271028462,0.0,True,0.24922118380062658,0.17445482866043685,-0.12461059190030443,False,0.24922118380062658,0.5856697819314628,-0.43613707165108323
2026-04-28,2026-04-28 09:17:18,long,STRONG,66.6,3.96,3.11,,,False,data_ok=False,True,0.36386449184440656,0.06838143036387005,0.36386449184440656,True,0.7151819322459136,0.06838143036387005,0.2258469259723872,False,0.7151819322459136,0.9159347553325018,-0.4767879548306269
2026-04-28,2026-04-28 22:49:55,long,WEAK,66.8,3.4,0.72,,,False,data_ok=False,,,,,,,,,,,,
2026-04-28,2026-04-28 23:31:32,short,STRONG,26.8,3.45,-3.9,,,False,data_ok=False,,,,,,,,,,,,
2026-04-28,2026-04-28 23:46:32,short,WEAK,45.7,0.45,-1.55,,,False,data_ok=False,,,,,,,,,,,,
2026-04-29,2026-04-29 00:01:33,short,STRONG,38.9,0.4,-2.27,,,False,data_ok=False,,,,,,,,,,,,
2026-04-29,2026-04-29 00:16:40,short,STRONG,34.5,0.21,-3.27,,,False,data_ok=False,,,,,,,,,,,,
2026-04-29,2026-04-29 00:34:42,short,STRONG,32.1,0.72,-3.51,,,False,data_ok=False,,,,,,,,,,,,
2026-04-29,2026-04-29 22:49:29,short,STRONG,47.9,3.6,-4.13,,,False,data_ok=False,,,,,,,,,,,,
2026-04-29,2026-04-29 23:07:30,short,STRONG,47.9,3.6,-4.12,,,False,data_ok=False,,,,,,,,,,,,
2026-04-29,2026-04-29 23:29:03,short,WEAK,47.1,3.26,-0.72,,,False,data_ok=False,,,,,,,,,,,,
2026-04-29,2026-04-29 23:44:04,short,STRONG,18.0,2.45,-5.05,,,False,data_ok=False,,,,,,,,,,,,
2026-04-29,2026-04-29 23:59:04,short,STRONG,35.0,0.73,-3.37,,,False,data_ok=False,,,,,,,,,,,,
2026-04-30,2026-04-30 00:14:04,short,STRONG,29.3,0.77,-4.86,,,False,data_ok=False,,,,,,,,,,,,
2026-04-30,2026-04-30 00:29:04,short,STRONG,43.5,0.54,-3.31,,,False,data_ok=False,,,,,,,,,,,,
2026-04-30,2026-04-30 00:47:57,short,STRONG,46.3,0.58,-3.06,,,False,data_ok=False,,,,,,,,,,,,
2026-04-30,2026-04-30 01:05:58,short,STRONG,40.6,0.31,-3.97,,,False,data_ok=False,,,,,,,,,,,,
2026-04-30,2026-04-30 01:23:59,short,STRONG,42.0,0.46,-4.22,,,False,data_ok=False,,,,,,,,,,,,
2026-04-30,2026-04-30 01:50:02,short,STRONG,47.4,0.43,-3.65,,,False,data_ok=False,,,,,,,,,,,,
2026-04-30,2026-04-30 02:16:03,short,STRONG,45.9,0.44,-4.45,,,False,data_ok=False,,,,,,,,,,,,
2026-04-30,2026-04-30 02:57:05,short,STRONG,47.5,0.76,-4.17,,,False,data_ok=False,,,,,,,,,,,,
2026-04-30,2026-04-30 04:04:19,short,STRONG,47.4,0.97,-3.94,,,False,data_ok=False,True,0.2858627858627844,0.27286902286903325,0.2598752598752451,True,0.2858627858627844,0.27286902286903325,-0.1689189189189315,True,0.2858627858627844,0.27286902286903325,-0.051975051975060096
2026-04-30,2026-04-30 23:25:03,long,WEAK,67.1,3.41,1.75,,,False,data_ok=False,,,,,,,,,,,,
2026-04-30,2026-04-30 23:40:10,long,STRONG,84.3,1.6,2.65,,,False,data_ok=False,,,,,,,,,,,,
2026-05-01,2026-05-01 00:18:09,long,STRONG,71.7,0.56,5.34,,,False,data_ok=False,,,,,,,,,,,,
2026-05-01,2026-05-01 00:36:10,long,STRONG,79.0,0.53,6.54,,,False,data_ok=False,,,,,,,,,,,,
2026-05-01,2026-05-01 00:54:10,long,STRONG,78.5,0.7,7.3,,,False,data_ok=False,,,,,,,,,,,,
2026-05-01,2026-05-01 01:12:10,long,STRONG,71.4,0.59,6.7,,,False,data_ok=False,,,,,,,,,,,,
2026-05-01,2026-05-01 01:39:11,long,STRONG,53.1,0.83,5.28,,,False,data_ok=False,,,,,,,,,,,,
2026-05-01,2026-05-01 02:05:12,long,STRONG,52.5,0.68,5.87,,,False,data_ok=False,,,,,,,,,,,,
2026-05-01,2026-05-01 02:31:13,long,STRONG,52.1,0.27,6.15,,,False,data_ok=False,,,,,,,,,,,,
2026-05-01,2026-05-01 02:59:45,long,STRONG,53.2,0.87,6.47,,,False,data_ok=False,,,,,,,,,,,,
2026-05-01,2026-05-01 03:26:36,long,STRONG,57.0,1.01,6.81,,,False,data_ok=False,,,,,,,,,,,,
2026-05-01,2026-05-01 03:53:57,long,STRONG,63.4,0.67,7.28,,,False,data_ok=False,,,,,False,0.03218030613475385,0.12052549114136957,-0.12052549114136957,False,0.03218030613475385,0.12052549114136957,0.012052549114143806
2026-05-01,2026-05-01 04:12:00,long,STRONG,74.4,0.99,7.88,,,False,data_ok=False,True,0.3144273793687328,0.0,0.1814004111742722,True,0.3144273793687328,0.0,0.30233401862377557,True,0.3144273793687328,0.0,0.30233401862377557
2026-05-01,2026-05-01 04:30:01,long,STRONG,76.4,1.05,7.99,,,False,data_ok=False,False,0.07234145165179923,0.10851217747769883,0.07234145165179923,False,0.07234145165179923,0.16879672052085914,-0.16879672052085914,False,0.07234145165179923,0.28936580660717975,-0.28936580660717975
2026-05-01,2026-05-01 04:48:03,long,STRONG,73.4,1.02,8.37,,,False,data_ok=False,False,0.0,0.0,0.0,False,0.0,0.01209189842805939,0.0,False,0.0,0.08899637243047037,-0.08899637243047037
2026-05-01,2026-05-01 05:58:06,long,STRONG,52.3,1.68,7.21,,,False,data_ok=False,True,0.14489253803429675,0.0,0.14489253803429675,True,0.21733880705144512,0.0,0.21733880705144512,True,0.3501569669162114,0.0,0.18111567254287092
2026-05-01,2026-05-01 23:35:58,short,WEAK,37.3,5.99,-1.14,,,False,data_ok=False,,,,,,,,,,,,
2026-05-01,2026-05-01 23:53:41,short,WEAK,38.2,0.61,-1.01,,,False,data_ok=False,,,,,,,,,,,,
2026-05-02,2026-05-02 00:08:45,short,STRONG,23.0,0.6,-2.31,,,False,data_ok=False,,,,,,,,,,,,
2026-05-04,2026-05-04 23:00:11,short,STRONG,30.9,4.03,-4.25,,,False,data_ok=False,,,,,,,,,,,,
2026-05-04,2026-05-04 23:16:53,short,STRONG,30.9,4.03,-4.17,,,False,data_ok=False,,,,,,,,,,,,
2026-05-04,2026-05-04 23:30:45,short,WEAK,26.3,4.28,-0.65,,,False,data_ok=False,,,,,,,,,,,,
2026-05-04,2026-05-04 23:45:06,short,STRONG,17.0,1.45,-3.15,,,False,data_ok=False,,,,,,,,,,,,
2026-05-06,2026-05-06 00:35:42,short,STRONG,36.0,0.39,-2.85,,,False,data_ok=False,,,,,,,,,,,,
2026-05-06,2026-05-06 00:53:46,short,STRONG,39.1,0.46,-2.78,,,False,data_ok=False,,,,,,,,,,,,
2026-05-06,2026-05-06 01:28:25,short,STRONG,48.0,0.74,-2.02,,,False,data_ok=False,,,,,,,,,,,,
2026-05-06,2026-05-06 23:27:45,long,WEAK,65.4,3.22,0.84,,,False,data_ok=False,,,,,,,,,,,,
2026-05-06,2026-05-06 23:42:47,long,STRONG,81.7,1.57,2.67,,,False,data_ok=False,,,,,,,,,,,,
2026-05-06,2026-05-06 23:50:37,long,WEAK,67.0,0.76,1.54,,,False,data_ok=False,,,,,,,,,,,,
2026-05-07,2026-05-07 00:05:37,long,STRONG,69.3,0.29,2.44,,,False,data_ok=False,,,,,,,,,,,,
2026-05-07,2026-05-07 00:20:38,long,STRONG,73.1,0.42,3.26,,,False,data_ok=False,,,,,,,,,,,,
2026-05-07,2026-05-07 00:49:01,long,STRONG,74.3,1.05,4.72,,,False,data_ok=False,,,,,,,,,,,,
2026-05-07,2026-05-07 01:07:01,long,STRONG,61.0,0.45,3.78,,,False,data_ok=False,,,,,,,,,,,,
2026-05-07,2026-05-07 01:25:10,long,STRONG,58.8,0.48,3.85,,,False,data_ok=False,,,,,,,,,,,,
2026-05-07,2026-05-07 01:51:52,long,STRONG,52.4,0.79,3.44,,,False,data_ok=False,,,,,,,,,,,,
2026-05-07,2026-05-07 02:26:34,long,STRONG,52.9,0.63,3.71,,,False,data_ok=False,,,,,,,,,,,,
2026-05-07,2026-05-07 02:52:35,long,STRONG,54.4,0.83,4.15,,,False,data_ok=False,,,,,,,,,,,,
2026-05-07,2026-05-07 23:20:06,long,STRONG,69.3,4.81,8.77,,,False,data_ok=False,,,,,,,,,,,,
2026-05-07,2026-05-07 23:30:56,short,WEAK,44.7,5.19,-0.79,,,False,data_ok=False,,,,,,,,,,,,
2026-05-07,2026-05-07 23:49:25,short,STRONG,39.1,0.73,-2.21,,,False,data_ok=False,,,,,,,,,,,,
2026-05-08,2026-05-08 00:09:43,short,STRONG,39.5,0.69,-3.04,,,False,data_ok=False,,,,,,,,,,,,
2026-05-08,2026-05-08 00:25:10,short,STRONG,44.4,0.45,-2.43,,,False,data_ok=False,,,,,,,,,,,,
2026-05-08,2026-05-08 00:45:28,short,STRONG,46.8,0.47,-2.19,,,False,data_ok=False,,,,,,,,,,,,
2026-05-08,2026-05-08 01:03:29,short,STRONG,43.7,0.74,-2.82,,,False,data_ok=False,,,,,,,,,,,,
2026-05-08,2026-05-08 02:55:25,short,STRONG,38.5,0.47,-5.8,,,False,data_ok=False,,,,,,,,,,,,
2026-05-08,2026-05-08 03:23:06,short,STRONG,38.8,0.69,-6.33,,,False,data_ok=False,,,,,,,,,,,,
2026-05-08,2026-05-08 03:49:07,short,STRONG,41.2,0.79,-6.55,,,False,data_ok=False,,,,,,,,,True,0.46208530805687265,0.2369668246445363,0.08293838862560117
2026-05-08,2026-05-08 04:14:42,short,STRONG,48.0,0.96,-6.19,,,False,data_ok=False,True,0.34303288384197567,0.011828720132470907,0.2489945587887513,True,0.40217648450438065,0.011828720132470907,0.40217648450438065,True,0.43766264490182694,0.011828720132470907,0.34303288384197567
2026-05-08,2026-05-08 04:32:43,short,STRONG,43.8,1.36,-6.97,,,False,data_ok=False,False,0.011848341232233548,0.21327014218008603,-0.04739336492890052,False,0.11848341232228497,0.21327014218008603,0.11848341232228497,True,0.23696682464455313,0.21327014218008603,0.14218009478673524
2026-05-08,2026-05-08 04:56:15,short,STRONG,42.0,1.01,-7.37,,,False,data_ok=False,True,0.3444180522565395,0.0,0.3444180522565395,True,0.3444180522565395,0.0,0.1306413301662701,True,0.3444180522565395,0.11876484560569395,0.29691211401425177
2026-05-08,2026-05-08 05:12:08,short,STRONG,38.7,0.7,-7.63,,,False,data_ok=False,True,0.0952380952380932,0.08333333333332522,-0.08333333333332522,False,0.0952380952380932,0.27380952380952855,-0.23130952380952188,False,0.0952380952380932,0.27380952380952855,-0.2380952380952415
2026-05-08,2026-05-08 05:27:09,short,STRONG,40.2,0.58,-7.59,,,False,data_ok=False,True,0.3562945368170988,0.0,0.3562945368170988,True,0.43206650831353643,0.0,0.3562945368170988,True,0.5819477434679443,0.0,0.3562945368170988
2026-05-08,2026-05-08 05:52:22,short,STRONG,47.4,1.52,-7.35,,,False,data_ok=False,False,0.10810810810811221,0.180180180180187,-0.06570570570570193,False,0.10810810810811221,0.3483483483483559,-0.3123123123123185,False,0.10810810810811221,0.6606606606606572,-0.3123123123123185
2026-05-08,2026-05-08 19:38:36,short,WEAK,47.1,4.84,-1.11,,,False,data_ok=False,False,0.0,1.4302059496567507,-0.7951945080091564,False,0.0,1.4302059496567507,-0.7627765064836112,False,0.0,1.4302059496567507,-0.4862700228833001
2026-05-08,2026-05-08 20:04:37,short,WEAK,47.1,4.84,-1.29,,,False,data_ok=False,,,,,,,,,,,,
2026-05-08,2026-05-08 20:30:38,short,WEAK,47.1,4.84,-1.16,,,False,data_ok=False,,,,,,,,,,,,
2026-05-08,2026-05-08 21:00:20,short,WEAK,47.1,4.84,-1.16,,,False,data_ok=False,,,,,,,,,,,,
2026-05-08,2026-05-08 23:24:08,short,WEAK,47.1,4.84,-0.77,,,False,data_ok=False,,,,,,,,,,,,
2026-05-08,2026-05-08 23:28:02,long,WEAK,50.0,1.0,9.29,,,False,data_ok=False,,,,,,,,,,,,
2026-05-08,2026-05-08 23:45:00,long,WEAK,50.0,1.0,17.68,,,False,data_ok=False,,,,,,,,,,,,
2026-05-09,2026-05-09 00:00:05,long,WEAK,50.0,1.0,20.13,,,False,data_ok=False,,,,,,,,,,,,
2026-05-09,2026-05-09 00:40:05,long,STRONG,66.6,0.38,21.99,,,False,data_ok=False,,,,,,,,,,,,
2026-05-09,2026-05-09 00:58:05,long,STRONG,72.2,0.51,23.9,,,False,data_ok=False,,,,,,,,,,,,
2026-05-09,2026-05-09 01:16:07,long,STRONG,69.9,0.54,24.61,,,False,data_ok=False,,,,,,,,,,,,
2026-05-09,2026-05-09 01:42:12,long,STRONG,66.7,1.13,25.44,,,False,data_ok=False,,,,,,,,,,,,
2026-05-09,2026-05-09 02:08:13,long,STRONG,71.8,0.86,27.68,,,False,data_ok=False,,,,,,,,,,,,
2026-05-09,2026-05-09 02:34:34,long,STRONG,67.7,0.45,27.11,,,False,data_ok=False,,,,,,,,,,,,
2026-05-09,2026-05-09 03:00:36,long,STRONG,60.3,0.39,26.41,,,False,data_ok=False,,,,,,,,,,,,
2026-05-09,2026-05-09 03:26:37,long,STRONG,60.9,0.82,26.7,,,False,data_ok=False,,,,,,,,,,,,
2026-05-09,2026-05-09 03:53:28,long,STRONG,71.2,1.32,28.09,,,False,data_ok=False,,,,,,,,,,,,
2026-05-09,2026-05-09 04:11:32,long,STRONG,71.8,1.11,29.83,,,False,data_ok=False,,,,,,,,,,,,
2026-05-09,2026-05-09 04:29:33,long,STRONG,65.9,0.73,29.46,,,False,data_ok=False,,,,,,,,,,,,
2026-05-09,2026-05-09 04:47:34,long,STRONG,61.5,0.56,29.3,,,False,data_ok=False,,,,,,,,,,,,
2026-05-09,2026-05-09 05:02:40,long,STRONG,65.7,0.78,30.26,,,False,data_ok=False,,,,,,,,,,,,
2026-05-09,2026-05-09 05:17:44,long,STRONG,69.2,1.14,31.05,,,False,data_ok=False,,,,,,,,,,,,
2026-05-09,2026-05-09 05:32:45,long,STRONG,69.1,1.05,30.97,,,False,data_ok=False,,,,,,,,,,,,
2026-05-09,2026-05-09 05:47:45,long,STRONG,67.0,0.98,30.97,,,False,data_ok=False,,,,,,,,,,,,
2026-05-11,2026-05-11 23:31:22,long,WEAK,50.0,1.0,1.18,,,False,data_ok=False,,,,,,,,,,,,
2026-05-11,2026-05-11 23:43:22,long,WEAK,50.0,1.0,3.9,,,False,data_ok=False,,,,,,,,,,,,
2026-05-11,2026-05-11 23:55:34,long,WEAK,50.0,1.0,6.88,,,False,data_ok=False,,,,,,,,,,,,
2026-05-12,2026-05-12 00:13:23,long,WEAK,50.0,1.0,8.04,,,False,data_ok=False,,,,,,,,,,,,
2026-05-12,2026-05-12 00:14:11,long,WEAK,50.0,1.0,8.49,,,False,data_ok=False,,,,,,,,,,,,
2026-05-12,2026-05-12 00:40:10,long,STRONG,74.4,0.63,12.14,,,False,data_ok=False,,,,,,,,,,,,
2026-05-12,2026-05-12 00:56:45,long,STRONG,62.1,0.47,10.66,,,False,data_ok=False,,,,,,,,,,,,
2026-05-12,2026-05-12 01:13:22,long,STRONG,62.3,0.58,11.46,,,False,data_ok=False,,,,,,,,,,,,
2026-05-12,2026-05-12 01:29:55,long,STRONG,64.6,0.59,12.34,,,False,data_ok=False,,,,,,,,,,,,
2026-05-12,2026-05-12 01:53:56,long,STRONG,65.5,0.63,13.23,,,False,data_ok=False,,,,,,,,,,,,
2026-05-12,2026-05-12 02:17:58,long,STRONG,64.5,0.84,13.72,,,False,data_ok=False,,,,,,,,,,,,
2026-05-12,2026-05-12 02:47:56,long,STRONG,53.9,1.32,12.07,,,False,data_ok=False,,,,,,,,,,,,
2026-05-12,2026-05-12 03:21:29,long,STRONG,52.4,0.66,11.9,,,False,data_ok=False,,,,,,,,,,,,
2026-05-12,2026-05-12 03:45:25,long,STRONG,61.2,0.77,13.2,,,False,data_ok=False,,,,,,,,,,,,
2026-05-12,2026-05-12 04:01:59,long,STRONG,62.8,0.77,13.57,,,False,data_ok=False,True,0.9797863889134075,0.0,0.8120752052255164,True,0.9797863889134075,0.0,0.5914025951098839,True,0.9797863889134075,0.0,0.18536499249712574
2026-05-12,2026-05-12 04:18:58,long,STRONG,70.2,1.16,14.86,,,False,data_ok=False,True,0.35143208574943396,0.04392901071867612,-0.017571604287467953,False,0.35143208574943396,0.41293270075557803,-0.3690036900368894,False,0.35143208574943396,0.41293270075557803,0.2723598664558094
2026-05-12,2026-05-12 04:36:06,long,STRONG,72.5,1.12,15.98,,,False,data_ok=False,True,0.4445606694560714,0.0,0.2440725244072534,True,0.5055788005578786,0.0,0.40097629009763597,True,0.5055788005578786,0.15908298465830245,-0.04358437935843546
2026-05-12,2026-05-12 04:52:41,long,STRONG,69.7,1.07,16.15,,,False,data_ok=False,False,0.0,0.2521739130434837,-0.2521739130434837,False,0.0,0.7043478260869586,-0.6086956521739155,False,0.0,0.7043478260869586,-0.43478260869565216
2026-05-12,2026-05-12 23:33:32,long,WEAK,50.0,1.0,0.8,False,False,False,data_ok=False,,,,,,,,,,,,
2026-05-12,2026-05-12 23:48:48,long,WEAK,50.0,1.0,0.61,False,False,False,data_ok=False,,,,,,,,,,,,
2026-05-13,2026-05-13 00:19:29,long,STRONG,52.7,0.33,2.17,True,True,True,,,,,,,,,,,,,
2026-05-14,2026-05-14 00:20:30,long,STRONG,53.6,0.18,2.0,True,True,True,,,,,,,,,,,,,
2026-05-14,2026-05-14 00:38:31,long,STRONG,57.0,0.79,3.24,True,True,True,,,,,,,,,,,,,
2026-05-14,2026-05-14 00:56:37,long,STRONG,63.4,0.59,5.23,True,True,True,,,,,,,,,,,,,
2026-05-14,2026-05-14 01:14:49,long,STRONG,62.0,0.78,5.35,True,True,True,,,,,,,,,,,,,
2026-05-14,2026-05-14 01:41:12,long,STRONG,62.6,0.81,6.2,True,True,True,,,,,,,,,,,,,
2026-05-14,2026-05-14 02:07:14,long,STRONG,57.1,1.05,5.51,True,True,True,,,,,,,,,,,,,
2026-05-14,2026-05-14 02:34:15,long,STRONG,63.9,0.91,7.18,True,True,True,,,,,,,,,,,,,
2026-05-14,2026-05-14 03:00:25,long,STRONG,66.6,0.67,7.86,True,True,True,,,,,,,,,,,,,
2026-05-14,2026-05-14 03:26:27,long,STRONG,54.7,0.77,6.75,True,True,True,,,,,,,,,,,,,
2026-05-14,2026-05-14 03:52:28,long,STRONG,54.3,0.73,6.69,True,True,False,market closed,,,,,False,0.09683666881859632,0.2743705616526819,0.06455777921239371,False,0.09683666881859632,0.4196255648805649,-0.08876694641704279
2026-05-14,2026-05-14 04:16:47,long,STRONG,53.8,0.97,6.66,True,True,True,,True,0.20008003201280514,0.0960384153661501,-0.05602240896359135,False,0.20008003201280514,0.6402561024409741,-0.6402561024409741,False,0.20008003201280514,0.6402561024409741,-0.4721888755502228
2026-05-14,2026-05-14 04:34:47,long,STRONG,63.6,1.52,7.69,True,True,True,,True,0.2729608220937728,0.0,0.2729608220937728,True,0.2729608220937728,0.24084778420038308,-0.1445086705202367,False,0.2729608220937728,0.7626846499678892,-0.7626846499678892
2026-05-15,2026-05-15 00:14:47,long,WEAK,52.3,0.47,0.84,True,True,True,,,,,,,,,,,,,
2026-05-15,2026-05-15 00:29:47,long,STRONG,59.1,0.64,2.1,True,True,True,,,,,,,,,,,,,
2026-05-15,2026-05-15 01:05:48,long,STRONG,54.5,0.66,2.45,True,True,True,,,,,,,,,,,,,
2026-05-15,2026-05-15 01:23:50,long,STRONG,63.2,0.73,4.34,True,True,True,,,,,,,,,,,,,
2026-05-15,2026-05-15 01:49:51,long,STRONG,55.3,0.66,3.52,True,True,True,,,,,,,,,,,,,
2026-05-15,2026-05-15 02:16:31,long,STRONG,65.4,1.05,5.63,True,True,True,,,,,,,,,,,,,
2026-05-15,2026-05-15 04:00:07,long,STRONG,64.1,1.17,6.54,True,True,True,,False,0.2854277559207009,0.48599861143253525,-0.47828434775900996,False,0.2854277559207009,0.6073439790171933,-0.47057008408546264,False,0.2854277559207009,1.1031397053151328,-0.9102831134768239
2026-05-15,2026-05-15 04:18:08,long,STRONG,60.3,0.78,6.38,True,True,True,,True,0.8140262993112133,0.24264245460238124,0.1927833437695719,True,0.9506105197244841,0.24264245460238124,0.2113337507827145,True,0.9506105197244841,0.31332185347526725,-0.31332185347526725
2026-05-15,2026-05-15 04:36:09,long,STRONG,64.7,0.54,6.97,True,True,True,,True,0.4007543611503936,0.11786892975012232,0.4007543611503936,True,0.9743831526009703,0.11786892975012232,0.7622190790507501,True,1.0686782964010684,0.11786892975012232,0.8958038661008962
2026-05-15,2026-05-15 04:55:35,long,STRONG,52.1,0.52,6.08,True,True,True,,False,0.0,0.5169729056368745,-0.5139364683899097,False,0.0,0.6306446589847418,-0.37371535347244156,False,0.0,0.6306446589847418,-0.05060728744939095
2026-05-15,2026-05-15 05:10:42,long,STRONG,54.9,0.62,6.21,True,True,True,,False,0.05461070369791947,0.2527695428304043,-0.24964893119051912,False,0.05461070369791947,0.43688562958340016,-0.3354657512872576,False,0.05461070369791947,0.8362459041972333,-0.8269620845685771
2026-05-15,2026-05-15 05:25:46,long,STRONG,53.5,0.56,6.14,True,True,True,,False,0.06298220752637246,0.2910565265312507,-0.08904109589041322,True,0.5353487639741827,0.2910565265312507,0.45662100456620874,True,0.5353487639741827,0.2910565265312507,0.14958274287513598
2026-05-15,2026-05-15 05:41:44,long,STRONG,52.5,0.93,6.04,True,True,True,,False,0.0,1.1497355153253628,-1.0242014069235135,False,0.0,1.4478790227797316,-1.2909613872774282,False,0.0,1.4478790227797316,-0.6711367270433447
2026-05-15,2026-05-15 05:56:46,long,STRONG,57.0,1.85,6.71,True,True,True,,False,0.0,0.3662204724409502,-0.3572440944881872,False,0.0,0.7774803149606251,-0.7774803149606251,False,0.0,0.7795275590551141,-0.39370078740157477
2026-05-15,2026-05-15 06:14:48,long,STRONG,57.9,6.58,6.44,True,True,True,,True,0.2516118886617339,0.01572574304136675,0.2516118886617339,True,0.3799339518792235,0.01572574304136675,0.11794307281018357,True,0.581852492530268,0.01572574304136675,0.11794307281018357
2026-05-15,2026-05-15 06:32:48,long,STRONG,57.9,6.58,6.31,True,True,True,,True,0.6579978066739804,0.0,0.6579978066739804,True,0.7441641861193931,0.0,0.6109979633401231,True,1.0261632461225147,0.0,0.9713300955663553
2026-05-15,2026-05-15 06:50:51,long,STRONG,57.9,6.58,6.27,True,True,True,,True,0.38132295719845066,0.3657587548638124,0.38132295719845066,True,0.38910505836575876,0.3657587548638124,0.24124513618677218,True,0.5447470817120534,0.3657587548638124,-0.07782101167314733
2026-05-15,2026-05-15 07:17:53,long,STRONG,57.9,6.58,6.19,True,True,True,,True,0.0701973325013676,0.007799703611277846,0.0701973325013676,False,0.0701973325013676,0.40558458778567213,-0.40558458778567213,False,0.0701973325013676,0.5243740737852016,-0.24959051556041448
2026-05-15,2026-05-15 07:43:54,long,STRONG,57.9,6.58,6.32,True,True,True,,True,0.4158967060100125,0.167491016033536,-0.1344646185057965,True,0.4158967060100125,0.167491016033536,0.2587067806339445,True,0.415975340289843,0.167491016033536,0.1879359287887884
2026-05-15,2026-05-15 08:09:55,long,STRONG,57.9,6.58,6.06,True,True,True,,False,0.06986796604841994,0.2829298962590376,-0.2829298962590376,False,0.06986796604841994,0.4243948443885508,-0.3421093995598853,False,0.06986796604841994,0.4243948443885508,-0.07073247406475103
2026-05-15,2026-05-15 08:35:56,long,STRONG,57.9,6.58,6.16,True,True,True,,True,0.22977577054116655,0.08715632675699186,0.22977577054116655,True,0.4753981459472376,0.08715632675699186,0.1548213295301533,True,0.4753981459472376,0.08715632675699186,0.12193962443547046
2026-05-15,2026-05-15 09:01:58,long,STRONG,57.9,6.58,6.15,True,True,True,,False,0.0,0.37013702945345633,-0.30713498188691174,False,0.015750511891633345,0.4567648448574565,0.015750511891633345,False,0.015750511891633345,0.5355174043156455,-0.4567648448574565
2026-05-15,2026-05-15 09:27:59,long,STRONG,57.9,6.58,6.89,True,True,True,,True,1.8515625000000036,0.6249999999999978,-0.11328124999999689,True,1.8515625000000036,1.6406249999999956,0.09375000000000355,True,1.8515625000000036,1.6406249999999956,-1.187499999999997
2026-05-15,2026-05-15 09:54:00,long,STRONG,57.9,6.58,6.98,True,True,True,,False,0.6353841903784734,1.8902876988042092,-1.7995974584632282,False,0.6353841903784734,2.3955167922964575,-1.0181932988673525,False,0.6353841903784734,2.442874620150755,-1.290500809029552
2026-05-15,2026-05-15 10:30:01,long,STRONG,57.9,6.58,11.24,True,True,True,,True,0.5469245402663266,0.0554058338617548,0.34876347495243953,True,0.5469245402663266,0.4438015218769808,-0.35668991756499907,True,0.5469245402663266,0.5223525681673999,-0.15456563094482656
2026-05-15,2026-05-15 11:06:02,long,STRONG,57.9,6.58,8.2,True,True,True,,True,1.00444195445997,0.07595341950457846,0.8363680019208466,False,1.00444195445997,1.0124454760094332,-0.9884349113609985,False,1.00444195445997,1.0917603745648032,-0.86438032734403
2026-05-15,2026-05-15 11:42:02,long,STRONG,57.9,6.58,6.81,True,True,True,,True,0.28894774861545824,0.2367766273376689,0.2648687695641691,True,0.8186852877437965,0.2367766273376689,-0.09230275302994549,True,0.8186852877437965,0.6100008026326391,-0.2006581587607352
